{
  "additional_special_tokens": [
    "<|system|>",
    "<|user|>",
    "<|assistant|>"
  ],
  "bos_token": {
    "content": "<s>",
    "lstrip": false,
    "normalized": false,
    "rstrip": false,
    "single_word": false
  },
  "eos_token": {
    "content": "<|endoftext|>",
    "lstrip": false,
    "normalized": false,
    "rstrip": false,
    "single_word": false
  },
  "pad_token": "<|endoftext|>",
  "unk_token": {
    "content": "<unk>",
    "lstrip": false,
    "normalized": false,
    "rstrip": false,
    "single_word": false
  }
}
