{
  "add_bos_token": false,
  "add_eos_token": false,
  "add_prefix_space": null,
  "added_tokens_decoder": {
    "0": {
      "content": "<unk>",
      "lstrip": false,
      "normalized": false,
      "rstrip": false,
      "single_word": false,
      "special": true
    },
    "1": {
      "content": "<s>",
      "lstrip": false,
      "normalized": false,
      "rstrip": false,
      "single_word": false,
      "special": true
    },
    "2": {
      "content": "</s>",
      "lstrip": false,
      "normalized": false,
      "rstrip": false,
      "single_word": false,
      "special": true
    },
    "32000": {
      "content": "<|endoftext|>",
      "lstrip": false,
      "normalized": false,
      "rstrip": false,
      "single_word": false,
      "special": true
    },
    "32001": {
      "content": "<|pad|>",
      "lstrip": false,
      "normalized": false,
      "rstrip": false,
      "single_word": false,
      "special": true
    },
    "32002": {
      "content": "<|user|>",
      "lstrip": false,
      "normalized": false,
      "rstrip": false,
      "single_word": false,
      "special": true
    },
    "32003": {
      "content": "<|assistant|>",
      "lstrip": false,
      "normalized": false,
      "rstrip": false,
      "single_word": false,
      "special": true
    },
    "32004": {
      "content": "<|system|>",
      "lstrip": false,
      "normalized": false,
      "rstrip": false,
      "single_word": false,
      "special": true
    }
  },
  "additional_special_tokens": [
    "<|system|>",
    "<|user|>",
    "<|assistant|>"
  ],
  "bos_token": "<s>",
  "chat_template": "{% for message in messages %}{% if message['role'] == 'system' %}{{'<|system|>'+ '\n' + message['content'] + '\n'}}{% elif message['role'] == 'user' %}{{'<|user|>' + '\n' + message['content'] + '\n'}}{% elif message['role'] == 'assistant' %}{{'<|assistant|>' + '\n' + message['content'] + '<|endoftext|>' + ('' if loop.last else '\n')}}{% endif %}{% endfor %}",
  "clean_up_tokenization_spaces": false,
  "eos_token": "<|endoftext|>",
  "fast_tokenizer": true,
  "legacy": true,
  "model_max_length": 1000000000000000019884624838656,
  "pad_token": "<|endoftext|>",
  "sp_model_kwargs": {},
  "spaces_between_special_tokens": false,
  "tokenizer_class": "LlamaTokenizer",
  "unk_token": "<unk>",
  "use_default_system_prompt": false
}
