{
  "best_metric": null,
  "best_model_checkpoint": null,
  "epoch": 5.0,
  "eval_steps": 500,
  "global_step": 500,
  "is_hyper_param_search": false,
  "is_local_process_zero": true,
  "is_world_process_zero": true,
  "log_history": [
    {
      "epoch": 5.0,
      "grad_norm": 16.6181640625,
      "learning_rate": 6.000000000000001e-07,
      "loss": 0.4555,
      "step": 500
    }
  ],
  "logging_steps": 500,
  "max_steps": 500,
  "num_input_tokens_seen": 0,
  "num_train_epochs": 5,
  "save_steps": 500,
  "stateful_callbacks": {
    "TrainerControl": {
      "args": {
        "should_epoch_stop": false,
        "should_evaluate": false,
        "should_log": false,
        "should_save": true,
        "should_training_stop": true
      },
      "attributes": {}
    }
  },
  "total_flos": 3640783333662720.0,
  "train_batch_size": 1,
  "trial_name": null,
  "trial_params": null
}
